库容,水位
0,50.1
0.002,50.8
0.003,50.9
0.005,51
0.016,51.5
0.018,51.6
0.021,51.7
0.023,51.8
0.026,51.9
0.045,52.5
0.048,52.6
0.052,52.7
0.059,52.9
0.063,53
0.072,53.2
0.076,53.3
0.085,53.5
0.089,53.6
0.094,53.7
0.13,54.4
0.135,54.5
0.141,54.6
0.152,54.8
0.158,54.9
0.165,55
0.171,55.1
0.19,55.4
0.196,55.5
0.203,55.6
0.253,56.3
0.26,56.4
0.268,56.5
0.333,57.3
0.341,57.4
0.35,57.5
0.414,58.2
0.423,58.3
0.433,58.4
0.442,58.5
0.452,58.6
0.513,59.2
0.534,59.4
0.545,59.5
0.623,60.2
0.646,60.4
0.659,60.5
0.671,60.6
0.696,60.8
0.708,60.9
0.721,61
0.748,61.2
0.761,61.3
0.775,61.4
0.788,61.5
0.802,61.6
0.831,61.8
0.845,61.9
0.86,62
0.874,62.1
0.889,62.2
0.95,62.6
0.965,62.7
0.981,62.8
1.062,63.3
1.078,63.4
1.095,63.5
1.198,64.1
1.215,64.2
1.233,64.3
1.342,64.9
1.36,65
1.379,65.1
1.416,65.3
1.435,65.4
1.474,65.6
1.493,65.7
1.551,66
1.752,67
1.814,67.3
1.835,67.4
1.962,68
1.983,68.1
2.026,68.3
2.047,68.4
2.069,68.5
2.112,68.7
2.134,68.8
2.311,69.6
2.333,69.7
2.4,70
2.445,70.2
2.468,70.3
2.492,70.4
2.515,70.5
2.539,70.6
2.612,70.9
2.636,71
2.662,71.1
2.687,71.2
2.713,71.3
2.766,71.5
2.876,71.9
2.904,72
2.933,72.1
2.992,72.3
3.053,72.5
3.148,72.8
3.18,72.9
3.213,73
3.247,73.1
3.316,73.3
3.387,73.5
3.46,73.7
3.498,73.8
3.576,74
3.615,74.1
3.655,74.2
3.737,74.4
3.822,74.6
3.909,74.8
3.954,74.9
4,75
4.093,75.2
4.141,75.3
4.19,75.4
4.289,75.6
4.39,75.8
4.442,75.9
4.495,76
4.602,76.2
4.711,76.4
4.822,76.6
4.879,76.7
4.994,76.9
5.111,77.1
5.23,77.3
5.351,77.5
5.413,77.6
5.474,77.7
5.536,77.8
5.599,77.9
5.726,78.1
5.919,78.4
6.115,78.7
6.248,78.9
6.384,79.1
6.45,79.2
6.517,79.3
6.586,79.4
6.654,79.5
6.723,79.6
7,80
7.421,80.6
7.491,80.7
7.562,80.8
7.989,81.4
8.06,81.5
8.132,81.6
8.421,82
8.566,82.2
8.64,82.3
8.713,82.4
8.86,82.6
9.157,83
9.231,83.1
9.306,83.2
9.382,83.3
9.457,83.4
9.533,83.5
9.838,83.9
10.07,84.2
10.147,84.3
10.225,84.4
10.304,84.5
10.382,84.6
10.461,84.7
10.541,84.8
10.62,84.9
10.7,85
10.861,85.2
10.941,85.3
11.022,85.4
11.185,85.6
11.266,85.7
11.348,85.8
11.513,86
11.595,86.1
11.678,86.2
11.845,86.4
11.928,86.5
12.012,86.6
12.181,86.8
12.265,86.9
12.35,87
12.606,87.3
13.037,87.8
13.386,88.2
13.827,88.7
14.095,89
14.184,89.1
14.274,89.2
14.545,89.5
14.635,89.6
14.726,89.7
15,90
15.277,90.3
15.464,90.5
15.747,90.8
15.938,91
16.131,91.2
16.52,91.6
16.619,91.7
16.717,91.8
16.816,91.9
17.015,92.1
17.416,92.5
17.72,92.8
17.821,92.9
17.923,93
18.026,93.1
18.128,93.2
18.231,93.3
18.333,93.4
18.436,93.5
18.54,93.6
18.643,93.7
18.747,93.8
18.85,93.9
18.954,94
19.163,94.2
19.267,94.3
19.476,94.5
19.58,94.6
19.685,94.7
20.211,95.2
20.318,95.3
20.424,95.4
20.532,95.5
20.857,95.8
20.967,95.9
21.188,96.1
21.411,96.3
21.749,96.6
21.862,96.7
21.977,96.8
22.323,97.1
22.556,97.3
22.791,97.5
23.028,97.7
23.148,97.8
23.509,98.1
23.752,98.3
23.875,98.4
24.245,98.7
24.494,98.9
24.62,99
24.745,99.1
24.872,99.2
25.254,99.5
25.511,99.7
25.77,99.9
26.031,100.1
26.163,100.2
26.297,100.3
26.432,100.4
26.704,100.6
26.843,100.7
27.122,100.9
27.264,101
27.55,101.2
27.84,101.4
28.134,101.6
28.432,101.8
28.733,102
28.885,102.1
29.038,102.2
29.192,102.3
29.347,102.4
29.658,102.6
29.816,102.7
29.973,102.8
30.132,102.9
30.451,103.1
30.612,103.2
30.935,103.4
31.261,103.6
31.424,103.7
31.589,103.8
32.085,104.1
32.252,104.2
32.754,104.5
32.923,104.6
33.091,104.7
33.261,104.8
33.43,104.9
33.6,105
33.942,105.2
34.46,105.5
34.809,105.7
35.161,105.9
35.694,106.2
36.053,106.4
36.234,106.5
36.597,106.7
36.78,106.8
37.147,107
37.332,107.1
37.518,107.2
37.891,107.4
38.079,107.5
38.268,107.6
38.647,107.8
39.029,108
39.607,108.3
40.191,108.6
40.584,108.8
40.782,108.9
41.179,109.1
41.579,109.3
42.184,109.6
42.795,109.9
43.206,110.1
43.413,110.2
43.621,110.3
43.83,110.4
44.04,110.5
44.462,110.7
44.675,110.8
44.889,110.9
45.104,111
45.536,111.2
45.972,111.4
46.411,111.6
46.633,111.7
47.078,111.9
47.302,112
47.752,112.2
48.206,112.4
48.663,112.6
48.893,112.7
49.124,112.8
49.588,113
50.055,113.2
50.29,113.3
50.762,113.5
51.237,113.7
51.476,113.8
51.716,113.9
52.197,114.1
52.439,114.2
52.925,114.4
53.414,114.6
53.905,114.8
54.152,114.9
54.4,115
54.649,115.1
55.149,115.3
55.401,115.4
55.654,115.5
55.908,115.6
56.164,115.7
56.677,115.9
56.936,116
57.456,116.2
57.98,116.4
58.508,116.6
59.039,116.8
59.307,116.9
59.844,117.1
60.114,117.2
60.385,117.3
60.657,117.4
60.93,117.5
61.204,117.6
61.753,117.8
62.03,117.9
62.863,118.2
63.422,118.4
63.703,118.5
63.985,118.6
64.55,118.8
64.834,118.9
65.119,119
65.69,119.2
66.264,119.4
66.551,119.5
66.84,119.6
67.419,119.8
68,120
68.292,120.1
68.877,120.3
69.465,120.5
70.056,120.7
70.353,120.8
70.949,121
71.249,121.1
71.851,121.3
72.457,121.5
72.762,121.6
73.068,121.7
73.375,121.8
73.683,121.9
73.993,122
74.615,122.2
74.929,122.3
75.559,122.5
75.877,122.6
76.196,122.7
76.516,122.8
76.838,122.9
77.162,123
77.487,123.1
77.813,123.2
78.141,123.3
78.471,123.4
78.803,123.5
79.136,123.6
79.471,123.7
79.808,123.8
80.147,123.9
80.487,124
80.829,124.1
81.174,124.2
81.52,124.3
81.868,124.4
82.218,124.5
82.57,124.6
82.925,124.7
83.281,124.8
83.639,124.9
84,125
84.362,125.1
84.726,125.2
85.091,125.3
85.457,125.4
85.824,125.5
86.193,125.6
86.933,125.8
87.305,125.9
87.678,126
88.052,126.1
88.427,126.2
88.804,126.3
89.559,126.5
89.939,126.6
90.7,126.8
91.083,126.9
91.85,127.1
92.235,127.2
92.621,127.3
93.395,127.5
94.172,127.7
94.562,127.8
94.953,127.9
95.737,128.1
96.917,128.4
97.312,128.5
97.708,128.6
98.898,128.9
99.295,129
99.694,129.1
100.892,129.4
101.693,129.6
102.496,129.8
103.703,130.1
104.105,130.2
104.508,130.3
105.313,130.5
105.716,130.6
106.12,130.7
106.523,130.8
106.927,130.9
108.14,131.2
109.356,131.5
110.575,131.8
110.983,131.9
112.208,132.2
112.618,132.3
113.439,132.5
113.851,132.6
114.676,132.8
115.09,132.9
115.505,133
116.337,133.2
117.172,133.4
117.591,133.5
118.431,133.7
118.853,133.8
119.276,133.9
120.124,134.1
120.55,134.2
120.977,134.3
121.406,134.4
122.265,134.6
122.697,134.7
123.13,134.8
123.564,134.9
124,135
124.437,135.1
125.313,135.3
125.753,135.4
126.194,135.5
126.636,135.6
127.079,135.7
127.523,135.8
128.413,136
128.86,136.1
129.308,136.2
129.757,136.3
130.657,136.5
131.109,136.6
131.562,136.7
132.47,136.9
133.382,137.1
134.297,137.3
134.756,137.4
135.217,137.5
136.602,137.8
137.066,137.9
137.531,138
138.462,138.2
138.93,138.3
139.867,138.5
140.807,138.7
141.751,138.9
142.698,139.1
143.173,139.2
144.125,139.4
145.08,139.6
145.559,139.7
146.519,139.9
147.482,140.1
148.447,140.3
149.414,140.5
150.383,140.7
151.354,140.9
152.813,141.2
153.301,141.3
153.788,141.4
154.276,141.5
154.765,141.6
155.253,141.7
155.742,141.8
156.232,141.9
156.721,142
157.211,142.1
158.192,142.3
160.157,142.7
160.648,142.8
161.14,142.9
162.125,143.1
162.617,143.2
163.11,143.3
165.578,143.8
166.069,143.9
166.562,144
167.056,144.1
168.043,144.3
168.537,144.4
170.512,144.8
171.006,144.9
174.465,145.6
174.959,145.7
175.455,145.8
175.95,145.9
176.446,146
177.935,146.3
178.93,146.5
179.429,146.6
179.927,146.7
180.427,146.8
181.428,147
182.431,147.2
182.934,147.3
183.438,147.4
184.447,147.6
184.954,147.7
185.46,147.8
185.968,147.9
186.477,148
186.987,148.1
187.498,148.2
188.01,148.3
188.523,148.4
189.037,148.5
189.552,148.6
190.068,148.7
190.586,148.8
191.624,149
192.146,149.1
193.192,149.3
193.718,149.4
194.772,149.6
195.302,149.7
195.833,149.8
196.366,149.9
196.9,150
197.438,150.1
197.981,150.2
198.53,150.3
199.084,150.4
199.643,150.5
200.207,150.6
200.775,150.7
201.349,150.8
201.927,150.9
202.51,151
203.097,151.1
203.688,151.2
204.283,151.3
204.882,151.4
205.485,151.5
206.092,151.6
206.702,151.7
207.316,151.8
207.933,151.9
208.553,152
209.177,152.1
209.803,152.2
210.432,152.3
211.063,152.4
211.698,152.5
212.334,152.6
212.973,152.7
213.614,152.8
214.257,152.9
214.902,153
215.549,153.1
216.197,153.2
216.847,153.3
217.498,153.4
218.15,153.5
218.804,153.6
219.459,153.7
220.77,153.9
221.427,154
222.742,154.2
225.373,154.6
226.031,154.7
226.688,154.8
227.344,154.9
229.97,155.3
231.287,155.5
231.948,155.6
232.608,155.7
233.27,155.8
233.933,155.9
234.597,156
235.927,156.2
237.261,156.4
238.598,156.6
239.268,156.7
239.94,156.8
241.285,157
241.96,157.1
243.311,157.3
243.989,157.4
245.347,157.6
246.709,157.8
247.392,157.9
248.076,158
248.761,158.1
249.447,158.2
250.134,158.3
250.822,158.4
251.512,158.5
252.203,158.6
253.588,158.8
254.977,159
255.674,159.1
256.372,159.2
257.071,159.3
257.771,159.4
258.473,159.5
259.176,159.6
259.88,159.7
260.585,159.8
261.292,159.9
262,160
262.71,160.1
263.422,160.2
264.137,160.3
264.854,160.4
265.573,160.5
266.295,160.6
267.019,160.7
267.746,160.8
268.475,160.9
269.206,161
269.939,161.1
270.675,161.2
271.413,161.3
272.153,161.4
272.896,161.5
273.64,161.6
274.387,161.7
275.136,161.8
275.888,161.9
276.641,162
277.397,162.1
278.155,162.2
278.915,162.3
279.677,162.4
280.441,162.5
281.208,162.6
281.976,162.7
282.747,162.8
283.519,162.9
284.294,163
285.071,163.1
285.85,163.2
286.63,163.3
287.413,163.4
288.198,163.5
288.985,163.6
289.773,163.7
290.564,163.8
291.357,163.9
292.151,164
292.948,164.1
293.746,164.2
294.546,164.3
295.348,164.4
296.152,164.5
296.958,164.6
297.766,164.7
298.576,164.8
299.387,164.9
300.2,165
301.015,165.1
301.833,165.2
302.653,165.3
303.476,165.4
304.301,165.5
305.128,165.6
305.958,165.7
306.791,165.8
307.626,165.9
308.463,166
309.303,166.1
310.145,166.2
310.99,166.3
311.838,166.4
312.687,166.5
313.54,166.6
314.394,166.7
315.251,166.8
316.111,166.9
316.973,167
317.838,167.1
318.705,167.2
319.575,167.3
320.447,167.4
321.321,167.5
322.198,167.6
323.078,167.7
323.96,167.8
324.845,167.9
325.732,168
326.621,168.1
327.513,168.2
328.408,168.3
329.305,168.4
330.205,168.5
331.107,168.6
332.011,168.7
332.918,168.8
333.829,168.9
335.655,169.1
336.572,169.2
337.492,169.3
338.414,169.4
339.338,169.5
340.266,169.6
341.196,169.7
342.128,169.8
343.063,169.9
344,170
344.94,170.1
345.881,170.2
346.825,170.3
347.77,170.4
348.718,170.5
349.667,170.6
350.618,170.7
351.571,170.8
352.526,170.9
353.483,171
354.442,171.1
355.402,171.2
356.364,171.3
357.328,171.4
358.293,171.5
359.26,171.6
360.229,171.7
361.2,171.8
362.172,171.9
363.146,172
364.121,172.1
365.098,172.2
366.076,172.3
367.056,172.4
368.038,172.5
369.021,172.6
370.005,172.7
370.991,172.8
371.978,172.9
372.967,173
373.957,173.1
374.948,173.2
375.941,173.3
376.935,173.4
377.93,173.5
378.927,173.6
380.923,173.8
381.924,173.9
383.928,174.1
385.936,174.3
386.942,174.4
387.949,174.5
388.957,174.6
389.967,174.7
390.977,174.799
391.988,174.899
393,174.999
394.013,175.099
395.029,175.199
396.046,175.299
397.064,175.399
398.084,175.499
399.106,175.599
400.13,175.699
401.155,175.799
402.182,175.899
403.211,175.999
404.241,176.099
405.274,176.199
407.343,176.399
408.38,176.499
409.418,176.599
410.459,176.699
411.501,176.799
412.544,176.899
413.59,176.999
414.637,177.099
415.685,177.199
416.736,177.299
417.788,177.399
418.841,177.499
419.896,177.599
420.953,177.699
422.011,177.799
423.071,177.899
424.133,177.999
425.196,178.099
426.261,178.199
427.328,178.299
428.396,178.399
429.465,178.499
430.537,178.599
432.684,178.799
433.76,178.899
434.838,178.999
435.917,179.099
436.998,179.199
438.08,179.299
439.164,179.399
440.249,179.499
441.336,179.599
442.425,179.699
443.515,179.799
444.607,179.899
445.7,179.999
446.796,180.099
447.897,180.199
449.002,180.299
450.111,180.399
451.224,180.499
452.342,180.599
453.463,180.699
454.589,180.799
455.719,180.899
456.853,180.999
457.99,181.099
459.132,181.199
460.277,181.299
461.427,181.399
462.58,181.499
463.737,181.599
464.898,181.699
466.062,181.799
467.23,181.899
468.401,181.999
469.576,182.099
470.755,182.199
471.937,182.299
473.122,182.399
474.311,182.499
475.503,182.599
476.698,182.699
477.897,182.799
479.099,182.899
480.304,182.999
481.512,183.099
482.723,183.199
483.937,183.299
485.154,183.399
486.374,183.499
487.597,183.599
488.823,183.699
490.052,183.799
491.283,183.899
492.517,183.999
493.754,184.099
494.994,184.199
496.236,184.299
497.48,184.399
498.728,184.499
499.977,184.599
501.229,184.699
502.484,184.799
503.741,184.899
505,184.999
506.263,185.099
507.531,185.199
508.805,185.299
510.083,185.399
511.367,185.499
512.656,185.599
513.95,185.699
515.249,185.799
516.553,185.899
517.862,185.999
519.176,186.099
520.495,186.199
521.819,186.299
523.147,186.399
524.48,186.499
525.818,186.599
527.161,186.699
528.508,186.799
529.86,186.899
531.217,186.999
532.577,187.099
533.943,187.199
535.313,187.299
536.687,187.399
538.066,187.499
539.448,187.599
540.836,187.699
542.227,187.799
543.623,187.899
545.022,187.999
546.426,188.099
547.834,188.199
549.246,188.299
550.662,188.399
552.082,188.499
553.506,188.599
554.934,188.699
556.365,188.799
557.801,188.899
559.24,188.999
559.24,188.999
